<?xml version="1.0"?>
<!DOCTYPE ejb-jar PUBLIC "-//Sun Microsystems, Inc.//DTD Enterprise JavaBeans 2.0//EN" "http://java.sun.com/dtd/ejb-jar_2_0.dtd">


<!--
  ** This file was automatically generated by EJBGen 2.11beta
  ** Build: 20021104-0000
-->

<ejb-jar>
  <enterprise-beans>
    <session>
      <ejb-name>AbbreviationEjb</ejb-name>
      <home>com.jspservletcookbook.AbbrevHome</home>
      <remote>com.jspservletcookbook.Abbrev</remote>
      <local-home>com.jspservletcookbook.AbbrevLocalHome</local-home>
      <local>com.jspservletcookbook.AbbrevLocal</local>
      <ejb-class>com.jspservletcookbook.AbbrevBean</ejb-class>
      <session-type>Stateless</session-type>
      <transaction-type>Container</transaction-type>
    </session>
  </enterprise-beans>
</ejb-jar>
